UID,居住地,婚姻状况,教育水平,性别,电子支付,年龄,收入,家庭人数,开通月数,消费金额,套餐类型,流失
1,上海,已婚,本科,男,No,44,64,2,13,35.41,BS,Yes
2,广州,已婚,研究生,男,No,33,136,6,11,99.96,TS,Yes
3,广州,已婚,初中,女,No,52,116,2,68,156.61,PS,No
4,上海,未婚,高中,女,No,33,33,1,33,78.38,BS,Yes
5,上海,已婚,初中,男,No,30,30,4,23,36.78,PS,No
6,上海,未婚,高中,女,No,39,78,1,41,114,PS,No
7,广州,已婚,高中,女,Yes,22,19,5,45,80.4,ES,Yes
8,上海,未婚,高中,男,Yes,35,76,3,38,192.48,TS,No
9,广州,已婚,本科,男,No,59,166,5,45,133.13,PS,No
10,北京,已婚,初中,男,No,41,72,3,68,133.11,ES,No
11,上海,未婚,本科,女,Yes,33,125,1,5,29.8,BS,Yes
12,广州,未婚,高中,女,No,35,80,1,7,41.68,PS,No
13,北京,已婚,高中,女,No,38,37,3,41,82.16,BS,No
14,上海,已婚,本科,女,Yes,54,115,3,57,240.47,TS,Yes
15,上海,未婚,初中,女,No,46,25,2,9,14.44,BS,No
16,北京,已婚,研究生,男,No,38,75,4,29,62.03,ES,No
17,广州,未婚,高中,男,No,57,162,1,60,112.31,PS,No
18,广州,未婚,高中,女,No,48,49,3,34,68.38,PS,No
19,上海,未婚,初中,男,No,24,20,1,1,2.11,BS,No
20,北京,已婚,本科,男,Yes,29,77,4,26,95.56,TS,Yes
21,广州,未婚,大专,女,No,30,16,1,6,40.93,ES,Yes
22,北京,已婚,初中,男,No,52,120,2,68,141.38,BS,No
23,广州,未婚,研究生,女,Yes,33,101,2,53,155.65,TS,No
24,广州,已婚,初中,男,No,48,67,3,55,81.97,BS,No
25,广州,已婚,初中,男,No,43,36,5,14,47.86,PS,No
26,上海,未婚,高中,女,No,21,33,3,1,29.6,PS,No
27,上海,未婚,高中,女,Yes,40,37,1,42,156.43,TS,No
28,广州,已婚,初中,男,No,33,31,4,25,43.02,PS,No
29,北京,已婚,高中,女,No,21,17,3,9,17.11,BS,No
30,上海,已婚,本科,女,Yes,33,19,2,13,37.88,ES,No
31,北京,已婚,初中,女,Yes,37,36,2,56,102.26,ES,No
32,北京,已婚,研究生,男,Yes,53,155,2,71,237.14,TS,No
33,北京,已婚,高中,女,No,50,140,4,35,105.62,PS,No
34,北京,已婚,研究生,男,No,27,55,3,11,37.3,ES,No
35,上海,已婚,大专,男,Yes,46,163,2,60,235.55,TS,No
36,广州,已婚,本科,男,Yes,35,52,2,20,58.09,ES,Yes
37,上海,未婚,本科,男,Yes,60,211,1,54,225.25,TS,No
38,北京,已婚,高中,男,No,57,186,2,44,147.78,PS,No
39,北京,已婚,初中,女,No,41,39,2,11,54.43,PS,Yes
40,上海,未婚,高中,女,No,57,22,1,72,237.41,PS,No
41,广州,未婚,初中,男,No,41,30,1,10,38.07,PS,No
42,上海,未婚,高中,女,No,28,29,1,15,65.84,PS,No
43,上海,已婚,高中,男,No,28,23,5,27,50.52,BS,No
44,北京,已婚,本科,男,Yes,36,62,6,9,79.36,TS,Yes
45,北京,已婚,本科,女,No,43,76,4,64,162.04,PS,No
46,北京,已婚,本科,男,Yes,41,74,2,65,127.48,ES,No
47,北京,已婚,本科,男,Yes,51,63,5,49,114.31,ES,No
48,广州,已婚,本科,男,Yes,41,36,2,47,122.77,TS,Yes
49,广州,已婚,高中,女,No,34,33,4,9,25.04,BS,Yes
50,北京,未婚,高中,女,Yes,36,29,1,5,72.27,PS,Yes
51,上海,已婚,高中,男,No,34,27,5,30,65.32,BS,Yes
52,北京,已婚,高中,男,No,52,49,4,56,117.03,ES,No
53,广州,未婚,本科,男,Yes,22,24,1,10,93.84,TS,No
54,北京,已婚,高中,男,No,26,26,5,7,35.64,BS,No
55,北京,未婚,大专,男,Yes,27,47,2,52,123.83,BS,No
56,上海,已婚,高中,女,No,45,94,5,36,73.92,BS,Yes
57,广州,未婚,大专,女,No,34,21,1,27,54.91,ES,No
58,北京,已婚,初中,男,No,62,27,2,58,102.58,BS,No
59,上海,未婚,高中,女,No,52,30,1,41,130.03,PS,No
60,上海,已婚,本科,女,Yes,40,127,4,47,81.89,ES,No
61,上海,已婚,高中,女,No,39,137,2,55,118.3,PS,Yes
62,上海,已婚,高中,女,No,50,80,4,56,208.33,TS,No
63,广州,未婚,高中,男,No,55,30,1,35,68.19,BS,No
64,上海,已婚,本科,女,No,51,438,2,69,181.36,TS,No
65,上海,未婚,高中,男,Yes,39,79,1,44,134.53,TS,Yes
66,广州,已婚,初中,男,No,47,63,2,36,57.96,BS,No
67,广州,已婚,大专,女,No,51,40,6,28,89.87,PS,No
68,北京,已婚,初中,男,No,67,51,2,72,205.1,PS,No
69,北京,未婚,大专,男,No,27,37,4,16,33.08,BS,No
70,广州,未婚,本科,女,Yes,43,61,1,3,39.58,BS,Yes
71,北京,已婚,高中,男,No,57,22,2,40,77.32,BS,No
72,广州,未婚,本科,女,Yes,39,44,1,16,49.69,ES,No
73,北京,未婚,大专,男,No,42,17,1,20,49.13,BS,No
74,上海,未婚,研究生,女,Yes,43,110,3,48,118.8,ES,No
75,上海,已婚,高中,男,No,48,91,2,64,159.46,PS,No
76,北京,未婚,高中,男,Yes,46,46,1,8,23.69,BS,No
77,北京,已婚,大专,男,No,38,85,2,40,74.84,PS,Yes
78,上海,未婚,高中,男,No,71,10,1,38,75.17,BS,No
79,北京,未婚,初中,女,No,68,244,1,67,140.17,PS,No
80,北京,未婚,本科,女,Yes,42,80,1,26,147.81,TS,No
81,广州,已婚,研究生,女,No,34,83,2,41,109.76,TS,No
82,上海,未婚,初中,男,No,31,21,1,2,5.64,BS,Yes
83,广州,已婚,高中,男,No,48,24,2,20,66.21,TS,Yes
84,上海,未婚,大专,女,No,53,351,1,31,104.7,PS,No
85,上海,已婚,本科,女,No,52,169,4,45,107.88,ES,No
86,上海,已婚,高中,男,Yes,27,46,4,33,73.78,BS,No
87,北京,未婚,大专,男,No,26,34,1,10,26.33,ES,No
88,上海,已婚,本科,男,Yes,54,50,2,62,174.98,TS,Yes
89,上海,未婚,研究生,女,Yes,35,161,1,4,90.05,TS,Yes
90,北京,已婚,本科,男,No,47,212,2,42,115.7,PS,No
91,广州,已婚,研究生,男,Yes,51,80,3,27,76.12,ES,No
92,上海,未婚,本科,女,No,42,30,1,38,101.27,BS,No
93,广州,已婚,研究生,女,Yes,61,53,2,52,129.63,ES,No
94,广州,未婚,研究生,女,Yes,33,73,1,35,170.54,TS,No
95,广州,已婚,高中,女,Yes,20,17,4,3,14.32,BS,Yes
96,上海,未婚,研究生,男,Yes,33,23,1,17,86.07,TS,Yes
97,北京,已婚,初中,男,No,53,34,2,55,65.98,PS,No
98,广州,已婚,初中,女,No,36,107,3,43,75.65,ES,Yes
99,上海,已婚,初中,女,No,25,21,2,47,97.65,PS,Yes
100,广州,未婚,高中,女,No,58,83,1,65,115.27,ES,No
101,北京,未婚,大专,男,Yes,20,17,5,13,27.08,TS,No
102,广州,已婚,大专,女,Yes,25,76,6,64,122.83,PS,No
103,上海,未婚,初中,男,No,24,19,1,12,45.69,PS,Yes
104,北京,已婚,本科,女,Yes,32,49,3,29,69.28,ES,Yes
105,上海,未婚,大专,女,Yes,47,173,1,23,54.27,ES,No
106,上海,未婚,大专,女,Yes,35,47,1,14,85.3,ES,Yes
107,北京,未婚,高中,男,No,61,41,1,35,62.52,BS,No
108,广州,未婚,大专,女,Yes,39,105,1,26,139.19,TS,No
109,北京,未婚,本科,男,Yes,54,31,1,13,36.38,BS,No
110,上海,已婚,高中,男,No,40,41,3,69,143.96,ES,No
111,广州,已婚,本科,女,Yes,50,102,3,61,118.6,ES,No
112,上海,已婚,本科,女,No,22,36,5,45,124.18,ES,Yes
113,上海,未婚,初中,女,Yes,37,24,1,3,5.9,BS,No
114,上海,未婚,本科,男,Yes,22,25,2,53,102.63,ES,No
115,北京,未婚,高中,女,No,42,68,1,59,127.4,PS,No
116,北京,未婚,大专,女,No,34,20,1,13,37.57,BS,No
117,广州,未婚,初中,男,No,31,48,1,31,40.53,PS,No
118,北京,已婚,高中,女,No,29,40,5,40,88.81,PS,No
119,北京,未婚,初中,男,No,55,79,1,48,109.23,PS,No
120,广州,未婚,初中,男,No,31,28,1,3,23.34,BS,Yes
121,上海,未婚,高中,女,No,48,64,1,51,108.16,BS,No
122,广州,未婚,高中,男,No,41,37,1,33,73.86,BS,No
123,广州,已婚,初中,男,No,47,48,2,14,30.71,BS,No
124,北京,已婚,研究生,男,Yes,42,131,3,17,70.74,ES,Yes
125,广州,已婚,高中,男,Yes,29,18,3,19,38.32,BS,Yes
126,上海,未婚,高中,女,No,36,38,1,58,94.7,ES,No
127,广州,未婚,高中,女,Yes,23,37,3,22,78.42,TS,No
128,上海,已婚,本科,男,Yes,31,60,5,29,53.94,ES,Yes
129,广州,已婚,大专,女,No,22,13,4,14,42.48,ES,Yes
130,上海,已婚,初中,女,No,64,98,2,70,228.38,TS,No
131,北京,已婚,初中,男,No,52,195,2,62,194.29,PS,Yes
132,上海,已婚,初中,男,No,35,47,5,7,12.65,BS,Yes
133,北京,已婚,高中,男,No,47,65,3,56,211.36,TS,No
134,北京,已婚,研究生,女,Yes,50,150,4,50,114.14,ES,Yes
135,上海,未婚,研究生,男,No,39,106,1,57,177.11,PS,No
136,广州,未婚,本科,女,Yes,40,51,1,2,22.94,BS,No
137,上海,未婚,本科,女,No,38,96,1,40,66.82,BS,No
138,上海,未婚,研究生,男,No,43,33,2,6,62.5,PS,No
139,广州,已婚,高中,女,No,25,38,3,23,70.53,PS,No
140,广州,未婚,本科,男,Yes,32,125,1,11,116.09,TS,Yes
141,北京,已婚,研究生,女,No,37,145,4,29,129.63,TS,No
142,北京,已婚,高中,男,No,44,99,3,42,122.37,PS,No
143,北京,已婚,本科,女,Yes,34,22,3,20,89.92,TS,No
144,上海,已婚,初中,男,No,60,31,2,72,119.59,ES,No
145,北京,未婚,初中,女,No,36,25,1,2,44.07,PS,No
146,广州,未婚,研究生,女,Yes,25,57,2,46,144.98,BS,No
147,上海,已婚,研究生,男,Yes,51,41,6,39,146.76,TS,No
148,广州,已婚,大专,女,No,25,20,2,24,47.74,ES,Yes
149,广州,已婚,高中,女,No,43,101,5,59,86.13,ES,No
150,北京,未婚,高中,男,No,37,56,1,65,128.91,ES,No
151,上海,已婚,高中,女,No,27,22,3,50,116.95,BS,No
152,北京,未婚,本科,女,No,37,108,1,57,152.27,PS,No
153,广州,未婚,本科,女,Yes,48,115,1,61,176.6,TS,No
154,广州,未婚,本科,男,Yes,54,53,1,34,169.37,TS,No
155,广州,未婚,本科,男,Yes,53,242,1,38,188.17,TS,No
156,北京,已婚,高中,女,No,24,20,5,3,34.76,PS,No
157,上海,未婚,本科,男,Yes,47,123,1,4,21.53,BS,No
158,上海,未婚,初中,男,No,35,34,1,15,32.91,BS,No
159,北京,已婚,本科,女,Yes,29,31,5,25,58.84,ES,Yes
160,广州,未婚,初中,女,No,44,47,2,21,38.37,PS,No
161,广州,已婚,大专,女,No,37,48,2,50,118.85,PS,No
162,上海,已婚,高中,女,No,64,13,3,65,135.34,PS,No
163,上海,已婚,初中,男,No,52,78,2,59,80.67,BS,No
164,广州,未婚,初中,女,No,26,34,2,29,48.51,PS,No
165,北京,未婚,研究生,女,Yes,46,81,1,60,103.52,ES,No
166,北京,已婚,高中,男,No,45,86,2,71,147.93,ES,No
167,广州,已婚,本科,男,Yes,27,26,4,38,119.54,TS,Yes
168,广州,已婚,高中,女,No,34,51,5,16,30.65,BS,No
169,广州,未婚,大专,男,Yes,31,59,1,7,25.68,BS,No
170,北京,未婚,本科,男,Yes,53,112,1,59,145.22,ES,Yes
171,上海,已婚,本科,男,No,56,57,2,22,92.51,TS,No
172,北京,已婚,初中,女,No,48,41,2,18,47.67,BS,No
173,上海,已婚,高中,女,Yes,46,168,2,64,221.21,TS,No
174,上海,未婚,本科,女,Yes,33,29,3,7,28.76,BS,Yes
175,广州,未婚,高中,女,No,58,167,2,65,134.58,ES,No
176,广州,未婚,高中,男,No,24,29,3,7,31.11,BS,Yes
177,北京,未婚,初中,女,No,55,104,1,64,104.28,PS,No
178,广州,已婚,本科,男,No,22,46,2,42,131.24,TS,Yes
179,广州,未婚,本科,女,Yes,26,46,3,33,115.88,TS,No
180,北京,未婚,本科,女,No,33,51,1,3,22.25,BS,Yes
181,上海,已婚,高中,男,Yes,42,65,2,69,241.2,TS,No
182,上海,未婚,高中,男,No,33,48,2,9,33.96,BS,No
183,广州,已婚,大专,男,No,34,46,4,22,56.94,ES,No
184,上海,已婚,高中,男,Yes,63,43,2,53,124.04,ES,No
185,广州,未婚,初中,男,No,53,110,1,71,129.75,ES,No
186,广州,未婚,大专,男,Yes,26,32,3,24,58.94,BS,No
187,广州,已婚,大专,女,Yes,22,18,2,12,26.72,BS,No
188,北京,已婚,本科,男,Yes,39,26,4,25,99.76,ES,Yes
189,广州,已婚,高中,女,No,28,34,6,63,209.16,PS,No
190,北京,已婚,本科,女,No,54,57,3,33,85.97,PS,Yes
191,上海,已婚,高中,女,No,54,21,3,57,85.7,BS,No
192,广州,未婚,大专,女,Yes,33,38,1,13,79.99,TS,No
193,北京,未婚,大专,女,No,21,19,1,13,42.48,ES,Yes
194,北京,未婚,大专,男,No,39,40,1,71,183.73,PS,No
195,广州,已婚,大专,男,Yes,69,58,2,18,132.98,TS,No
196,北京,已婚,高中,女,No,51,95,2,17,42.7,BS,Yes
197,上海,未婚,高中,男,No,43,114,1,22,57.48,BS,No
198,上海,已婚,大专,男,No,65,128,2,65,143.53,PS,No
199,广州,未婚,本科,女,Yes,40,33,1,7,27.99,BS,No
200,广州,未婚,本科,女,No,66,460,1,72,201.04,TS,No
201,北京,未婚,大专,男,No,43,224,1,35,66.14,BS,No
202,北京,未婚,本科,男,No,39,122,3,24,106.12,TS,No
203,北京,已婚,大专,女,No,24,23,5,64,117.65,ES,No
204,上海,已婚,大专,男,No,63,191,2,63,144.53,ES,No
205,北京,已婚,本科,男,No,31,187,3,38,144.33,TS,Yes
206,上海,已婚,大专,男,No,37,119,3,29,65.07,BS,No
207,北京,已婚,高中,女,No,69,44,2,72,213.97,PS,No
208,北京,已婚,大专,女,Yes,27,15,2,10,88.32,TS,Yes
209,广州,未婚,本科,女,No,64,674,1,72,294.52,PS,No
210,广州,已婚,本科,女,No,23,33,2,52,141.05,PS,No
211,广州,未婚,高中,女,No,55,250,2,13,33.12,BS,No
212,北京,未婚,本科,男,Yes,33,64,2,3,22.49,BS,Yes
213,广州,已婚,高中,男,Yes,24,26,4,39,71.86,BS,Yes
214,上海,未婚,大专,男,Yes,29,23,2,28,54.47,ES,No
215,上海,未婚,本科,男,No,42,52,3,46,96.24,ES,No
216,上海,未婚,大专,女,No,46,200,1,62,116.72,BS,No
217,上海,已婚,初中,男,No,33,28,2,23,52.89,PS,No
218,广州,已婚,研究生,男,Yes,25,19,3,23,94.06,TS,Yes
219,上海,已婚,大专,男,No,61,76,2,72,312.51,TS,No
220,广州,未婚,高中,男,Yes,60,70,1,56,141.32,BS,No
221,北京,未婚,高中,女,No,30,34,1,8,24.2,PS,No
222,广州,未婚,研究生,女,Yes,36,34,3,3,38.82,TS,No
223,广州,未婚,大专,男,Yes,37,172,1,37,68.34,BS,No
224,广州,已婚,初中,男,No,53,48,3,37,100.72,PS,No
225,上海,未婚,高中,女,No,30,45,1,6,15.44,BS,Yes
226,北京,未婚,大专,男,No,47,72,5,48,165.31,TS,Yes
227,上海,已婚,本科,女,No,43,55,4,43,164.57,TS,No
228,上海,未婚,本科,女,No,29,40,4,21,105.67,BS,No
229,广州,未婚,大专,男,No,33,26,1,6,69.2,PS,Yes
230,上海,未婚,初中,男,No,51,96,4,69,225.63,PS,No
231,北京,未婚,初中,男,No,33,54,1,22,58.85,PS,No
232,北京,已婚,高中,女,No,40,47,3,28,97.8,PS,No
233,北京,已婚,初中,男,No,47,142,2,71,105.13,ES,No
234,上海,未婚,本科,男,No,37,57,1,7,28.17,BS,No
235,北京,未婚,大专,男,Yes,29,20,2,63,230.12,TS,No
236,上海,未婚,初中,男,No,57,37,1,53,78.75,ES,No
237,上海,已婚,本科,男,Yes,52,36,4,50,223.22,TS,No
238,上海,已婚,本科,男,Yes,31,24,2,39,86.27,TS,No
239,广州,未婚,高中,女,No,19,21,1,16,33.26,BS,No
240,广州,已婚,大专,男,No,51,186,2,43,212.85,TS,No
241,广州,未婚,初中,女,No,31,30,3,44,89.53,BS,No
242,上海,已婚,高中,女,Yes,66,96,2,72,222.27,TS,No
243,广州,未婚,初中,男,No,76,15,1,61,187.93,PS,No
244,广州,已婚,初中,男,No,21,25,4,43,64.57,ES,Yes
245,广州,未婚,大专,女,No,39,49,1,24,60.67,BS,No
246,广州,未婚,高中,女,No,45,38,1,64,129.69,PS,Yes
247,上海,未婚,高中,男,No,38,29,2,64,111.05,ES,No
248,北京,未婚,高中,女,No,26,55,1,24,53.49,BS,No
249,广州,已婚,大专,女,No,55,64,3,33,77.47,BS,No
250,上海,已婚,本科,女,No,33,42,5,33,110.99,ES,No
251,北京,未婚,本科,男,Yes,40,134,1,2,22.27,BS,No
252,上海,已婚,初中,女,Yes,48,82,5,42,93.32,TS,No
253,北京,已婚,研究生,男,Yes,54,153,2,52,113.47,ES,Yes
254,北京,未婚,高中,女,No,66,144,1,45,99.95,ES,No
255,广州,未婚,本科,男,Yes,25,22,2,3,23,TS,Yes
256,上海,已婚,初中,女,No,53,35,4,37,70.94,PS,No
257,上海,未婚,本科,女,Yes,57,82,1,28,58.99,ES,Yes
258,广州,已婚,初中,男,No,63,61,2,40,76.38,BS,No
259,上海,未婚,高中,男,Yes,33,102,1,37,116.07,TS,No
260,广州,未婚,大专,男,Yes,27,31,5,7,83.26,TS,Yes
261,北京,未婚,初中,女,No,56,170,1,71,175.11,TS,No
262,上海,未婚,高中,女,Yes,46,26,1,19,45.53,BS,No
263,上海,未婚,大专,女,Yes,40,85,1,61,124.28,PS,No
264,广州,已婚,高中,女,No,53,183,2,70,108.89,ES,No
265,上海,已婚,初中,女,No,55,67,2,60,78.92,BS,No
266,广州,已婚,初中,女,No,45,42,2,48,73.19,BS,No
267,北京,已婚,初中,男,No,63,31,2,8,26.45,PS,No
268,上海,已婚,高中,男,No,58,96,4,58,147.49,PS,No
269,北京,已婚,大专,男,No,24,24,5,16,48.43,PS,No
270,上海,未婚,高中,女,No,33,53,1,33,73.72,BS,No
271,上海,未婚,初中,女,No,25,18,1,39,47.3,PS,No
272,北京,未婚,本科,男,Yes,51,43,2,62,156.35,ES,No
273,北京,未婚,大专,男,Yes,34,104,1,50,180.9,TS,No
274,上海,未婚,初中,男,No,55,26,1,48,103.87,BS,No
275,广州,未婚,高中,女,No,62,56,1,31,70.54,PS,No
276,上海,已婚,高中,男,No,33,49,5,65,192.78,ES,No
277,北京,未婚,初中,女,No,58,80,1,36,51.86,ES,No
278,北京,未婚,大专,女,No,46,318,1,61,197.39,PS,No
279,上海,未婚,本科,男,No,42,35,1,48,79.74,PS,No
280,广州,未婚,初中,男,No,45,29,1,35,55.91,BS,No
281,北京,未婚,研究生,男,Yes,28,43,5,51,211.63,TS,No
282,上海,已婚,研究生,男,Yes,51,80,2,49,136.23,TS,Yes
283,北京,已婚,大专,女,No,39,30,3,35,103.03,PS,Yes
284,北京,未婚,大专,女,No,70,9,1,58,161.84,ES,No
285,北京,已婚,高中,男,No,35,23,5,23,50.07,PS,No
286,上海,已婚,本科,女,No,39,58,2,26,98.6,PS,No
287,北京,已婚,初中,女,No,37,52,4,38,146.46,TS,No
288,北京,已婚,大专,女,No,66,14,2,35,112.22,PS,No
289,上海,未婚,高中,女,No,50,110,1,37,90.8,PS,No
290,上海,已婚,高中,男,No,43,60,2,48,119.52,ES,No
291,广州,已婚,大专,男,Yes,43,123,5,13,51.79,TS,No
292,北京,已婚,研究生,男,No,63,15,2,72,180.55,PS,No
293,北京,未婚,本科,女,No,27,47,2,30,76.31,ES,Yes
294,北京,未婚,本科,女,No,43,138,1,24,110.16,PS,No
295,上海,已婚,大专,男,No,51,359,2,25,109.2,TS,No
296,上海,未婚,大专,男,Yes,52,214,1,50,146.86,TS,No
297,上海,未婚,初中,男,No,40,64,1,28,80.59,PS,No
298,广州,未婚,本科,男,Yes,51,50,1,34,71.33,BS,No
299,北京,未婚,大专,男,No,32,88,1,48,162.55,TS,No
300,上海,已婚,高中,女,No,36,86,2,42,66.86,ES,No
301,广州,已婚,初中,女,No,65,17,2,67,149.71,PS,No
302,北京,已婚,高中,男,Yes,41,25,3,17,39.63,PS,No
303,北京,已婚,高中,男,Yes,38,46,2,29,70.94,ES,No
304,广州,未婚,初中,女,No,61,361,1,66,116.19,ES,No
305,上海,未婚,大专,女,Yes,21,18,1,1,14.23,BS,Yes
306,北京,已婚,本科,男,Yes,33,14,3,28,101.31,TS,Yes
307,北京,已婚,大专,男,Yes,35,34,2,15,31,ES,Yes
308,上海,未婚,高中,女,Yes,64,9,1,12,54.95,PS,No
309,广州,未婚,高中,女,No,49,39,1,48,131.74,TS,Yes
310,上海,已婚,大专,男,No,25,18,4,59,143.94,BS,No
311,广州,已婚,本科,男,Yes,26,25,2,8,28.07,BS,Yes
312,北京,未婚,研究生,女,Yes,52,46,1,45,81.5,ES,Yes
313,北京,已婚,本科,女,No,39,94,4,25,63.27,ES,Yes
314,北京,已婚,大专,男,No,44,26,2,21,119.92,TS,No
315,上海,已婚,初中,女,No,68,335,3,17,83.88,TS,No
316,上海,未婚,大专,男,Yes,45,25,1,41,110.4,BS,Yes
317,北京,已婚,大专,女,No,45,99,2,13,44.48,PS,Yes
318,上海,已婚,高中,女,Yes,26,30,5,1,7.19,BS,Yes
319,广州,已婚,高中,女,Yes,31,35,3,3,49.54,TS,Yes
320,北京,已婚,研究生,女,No,27,51,2,23,69.17,BS,Yes
321,广州,未婚,大专,男,Yes,42,49,1,26,111.26,TS,Yes
322,北京,已婚,初中,男,No,51,54,3,37,98.82,PS,No
323,广州,未婚,本科,男,Yes,30,46,1,5,27.5,ES,Yes
324,北京,已婚,本科,女,Yes,27,91,3,32,139.63,TS,Yes
325,广州,未婚,本科,男,No,22,23,2,12,32.91,BS,No
326,北京,已婚,初中,男,No,54,345,2,72,217.45,PS,No
327,广州,已婚,本科,女,Yes,25,45,2,3,37.41,BS,Yes
328,北京,未婚,高中,男,No,43,53,1,54,133.73,PS,No
329,上海,未婚,高中,女,Yes,26,14,1,26,128.53,TS,Yes
330,广州,未婚,研究生,女,No,36,67,1,14,58.75,BS,No
331,广州,未婚,大专,男,Yes,51,49,1,22,47.61,BS,No
332,广州,已婚,初中,女,No,47,37,4,65,120.1,BS,No
333,广州,未婚,初中,男,No,45,33,1,26,84.86,BS,No
334,北京,未婚,大专,女,Yes,37,46,4,20,84.28,TS,No
335,上海,已婚,初中,男,Yes,60,93,4,67,94.77,ES,No
336,北京,未婚,高中,男,No,55,48,1,34,46.55,BS,No
337,北京,已婚,高中,男,No,54,183,3,37,90.39,PS,No
338,上海,已婚,初中,男,No,23,16,4,22,29.74,BS,No
339,上海,未婚,高中,男,No,69,11,1,5,27.3,BS,No
340,北京,已婚,本科,女,No,31,42,3,28,82.58,PS,No
341,北京,已婚,本科,女,No,41,67,4,20,54.26,BS,No
342,广州,未婚,本科,男,Yes,41,181,1,72,220.73,TS,No
343,上海,未婚,本科,男,Yes,43,53,1,30,73.49,BS,No
344,广州,未婚,高中,男,No,52,172,1,71,267.55,TS,No
345,上海,未婚,高中,男,No,44,87,1,56,172.83,PS,No
346,北京,已婚,研究生,男,No,29,21,2,8,36.04,BS,Yes
347,上海,未婚,高中,女,Yes,65,9,1,32,44.04,ES,No
348,上海,未婚,大专,女,No,47,144,2,46,119.58,PS,Yes
349,广州,已婚,本科,男,Yes,45,117,3,60,186.2,TS,No
350,上海,已婚,本科,女,No,32,59,6,42,211.61,TS,No
351,广州,已婚,本科,男,No,60,508,4,71,167.01,TS,No
352,上海,已婚,高中,女,No,63,222,2,72,247.88,PS,No
353,广州,未婚,大专,女,No,66,87,1,45,85.48,BS,No
354,广州,未婚,初中,男,No,31,34,1,5,46.49,PS,Yes
355,上海,已婚,本科,女,No,38,18,4,17,55.22,ES,No
356,上海,未婚,大专,男,No,55,65,1,70,215.92,PS,No
357,广州,已婚,大专,女,Yes,57,130,2,57,135.92,ES,No
358,北京,未婚,大专,女,Yes,33,44,1,20,44.22,ES,No
359,北京,已婚,初中,男,No,52,63,3,72,153.07,PS,No
360,广州,未婚,本科,男,No,50,57,1,32,133.02,PS,No
361,广州,已婚,初中,女,No,57,264,2,22,41.78,PS,No
362,上海,未婚,初中,男,No,24,28,2,6,21.74,PS,Yes
363,广州,已婚,大专,女,No,23,26,6,32,102.87,TS,No
364,北京,未婚,本科,男,Yes,33,38,1,38,77.72,ES,No
365,北京,未婚,大专,女,No,35,59,1,53,141.34,PS,No
366,广州,未婚,本科,女,No,76,117,1,37,85.83,BS,No
367,北京,已婚,本科,女,Yes,35,70,2,47,162.04,TS,Yes
368,广州,未婚,高中,男,No,59,104,1,69,125.81,PS,No
369,广州,未婚,大专,女,No,56,71,1,63,146.28,BS,No
370,北京,已婚,大专,女,Yes,34,70,3,61,208.39,TS,Yes
371,北京,已婚,本科,男,Yes,38,56,2,56,173.68,TS,No
372,广州,已婚,初中,男,No,57,68,2,40,106.84,PS,No
373,上海,未婚,高中,女,No,45,80,1,61,119.67,ES,No
374,上海,未婚,本科,男,Yes,26,21,6,16,88.45,TS,No
375,上海,未婚,大专,女,No,43,69,1,7,26.56,BS,No
376,广州,已婚,高中,女,No,31,39,2,20,47.45,BS,No
377,上海,未婚,高中,男,Yes,38,90,4,35,81.39,ES,No
378,北京,已婚,研究生,女,No,37,64,2,60,126.58,ES,No
379,上海,未婚,高中,男,Yes,25,28,1,47,156.84,TS,No
380,上海,已婚,高中,女,Yes,28,24,6,33,71.89,BS,No
381,广州,未婚,高中,男,No,34,44,1,12,24.78,BS,No
382,北京,未婚,本科,女,Yes,31,32,2,10,31.12,ES,Yes
383,上海,已婚,本科,女,No,33,52,3,69,172.27,PS,No
384,北京,未婚,大专,女,No,20,15,1,23,61.47,ES,No
385,北京,未婚,大专,男,No,31,46,2,53,161.03,ES,No
386,上海,已婚,高中,女,No,57,107,2,60,170.05,PS,No
387,上海,未婚,高中,男,No,33,56,1,33,82.56,BS,No
388,广州,已婚,本科,女,Yes,40,40,4,67,156.44,TS,No
389,广州,已婚,大专,男,No,38,56,3,15,54.26,PS,No
390,广州,已婚,高中,女,Yes,31,46,4,64,160.49,ES,No
391,上海,已婚,高中,男,No,49,51,2,46,75.7,BS,Yes
392,上海,已婚,初中,男,No,60,12,3,72,300.69,TS,No
393,北京,已婚,研究生,男,Yes,43,34,3,61,226.79,TS,Yes
394,广州,未婚,高中,女,Yes,27,27,5,54,155.21,TS,No
395,广州,未婚,大专,女,No,36,42,1,28,84.8,PS,No
396,上海,未婚,研究生,男,Yes,38,119,3,28,107.14,TS,Yes
397,上海,未婚,初中,女,No,43,146,1,32,101.6,PS,No
398,上海,未婚,高中,女,No,46,51,3,52,80.39,ES,No
399,北京,未婚,初中,女,Yes,62,86,1,48,169.63,PS,No
400,广州,已婚,大专,女,No,42,27,2,52,163.34,PS,No
401,北京,未婚,大专,男,No,43,38,1,37,62.11,ES,No
402,北京,未婚,大专,男,No,52,928,3,41,107.97,PS,No
403,上海,已婚,高中,女,No,27,21,3,43,91.12,ES,No
404,广州,未婚,初中,女,No,60,24,1,67,147.87,PS,No
405,广州,已婚,初中,女,No,52,91,2,61,77.43,BS,No
406,广州,已婚,高中,女,No,39,38,4,70,170.01,PS,No
407,广州,已婚,本科,女,Yes,32,96,4,44,168.5,TS,No
408,广州,未婚,大专,男,Yes,45,96,1,46,75.94,ES,No
409,广州,未婚,大专,男,No,34,54,1,39,66.78,BS,No
410,上海,未婚,本科,女,No,59,1668,1,39,94.85,ES,No
411,上海,已婚,本科,女,No,29,53,4,50,208.81,TS,No
412,广州,未婚,大专,女,Yes,31,21,2,5,19.07,BS,Yes
413,上海,未婚,研究生,女,Yes,34,52,1,10,68.9,ES,Yes
414,北京,未婚,大专,女,No,69,17,1,72,120.94,ES,No
415,上海,未婚,高中,女,No,60,262,1,68,119.22,PS,No
416,广州,未婚,研究生,女,Yes,28,34,1,58,143.41,ES,No
417,广州,已婚,初中,女,No,44,107,7,18,34.32,BS,No
418,北京,已婚,研究生,女,No,45,67,2,65,177.57,PS,No
419,广州,未婚,本科,男,Yes,45,37,1,8,31,ES,Yes
420,上海,未婚,高中,女,Yes,20,21,2,1,7.06,BS,Yes
421,广州,未婚,初中,女,No,58,22,1,42,67.74,ES,No
422,北京,已婚,大专,女,Yes,25,71,5,4,20.84,BS,No
423,广州,未婚,大专,女,No,35,77,1,17,50.71,PS,No
424,上海,已婚,本科,女,Yes,24,18,5,8,78.83,TS,Yes
425,北京,已婚,高中,女,No,37,50,2,49,82.68,ES,No
426,北京,已婚,本科,男,Yes,46,33,2,56,97,ES,No
427,北京,已婚,初中,男,Yes,57,94,2,62,167.68,TS,No
428,上海,已婚,初中,女,No,57,209,4,42,56.91,BS,No
429,北京,未婚,本科,男,No,32,31,2,13,94.83,PS,No
430,北京,已婚,高中,男,No,46,66,4,69,146.26,ES,No
431,上海,未婚,初中,男,No,59,51,2,45,84.65,BS,No
432,上海,已婚,高中,男,No,42,118,2,66,154.24,ES,No
433,上海,未婚,高中,男,Yes,35,25,1,15,27.64,BS,Yes
434,北京,已婚,大专,女,Yes,44,59,3,41,96.9,ES,No
435,上海,未婚,高中,女,Yes,20,20,1,11,92.03,TS,Yes
436,广州,已婚,研究生,男,Yes,30,63,4,45,166.73,TS,Yes
437,北京,未婚,本科,男,No,62,36,1,52,110.76,BS,No
438,北京,未婚,本科,女,Yes,56,72,1,42,139.55,TS,No
439,上海,未婚,初中,男,No,35,50,3,48,128.66,PS,No
440,广州,未婚,高中,男,Yes,31,39,2,4,76.92,TS,Yes
441,广州,已婚,高中,女,Yes,64,54,2,53,189.8,TS,No
442,广州,未婚,初中,男,No,59,9,1,1,31.92,PS,No
443,广州,已婚,本科,男,Yes,30,33,3,19,70.89,TS,No
444,上海,未婚,初中,男,No,30,28,1,33,64.83,BS,No
445,广州,已婚,高中,男,No,36,44,3,42,137.77,PS,No
446,北京,未婚,本科,女,No,32,34,2,60,128.42,ES,No
447,上海,已婚,本科,女,No,51,68,3,57,145.07,PS,No
448,北京,未婚,初中,男,No,39,37,1,64,118.43,BS,No
449,上海,已婚,大专,男,Yes,20,18,3,28,101.75,TS,No
450,北京,已婚,高中,男,No,35,55,4,29,81.36,PS,Yes
451,北京,已婚,初中,男,No,31,21,5,46,91.87,PS,No
452,北京,已婚,大专,男,No,41,29,4,22,64.77,BS,Yes
453,上海,未婚,高中,男,No,56,9,2,10,23.57,BS,No
454,广州,未婚,高中,女,Yes,41,138,1,50,123.35,ES,Yes
455,北京,未婚,本科,女,No,65,28,1,55,198.03,TS,No
456,上海,未婚,初中,男,No,54,62,1,15,31.26,BS,No
457,北京,已婚,大专,女,No,32,37,3,31,135.93,TS,No
458,广州,未婚,初中,女,No,44,83,1,5,12.19,ES,Yes
459,上海,未婚,初中,女,No,63,168,2,69,150.08,PS,No
460,上海,已婚,本科,男,Yes,27,33,6,26,112.53,TS,Yes
461,广州,已婚,大专,女,No,33,66,4,10,52.26,BS,Yes
462,北京,未婚,本科,男,No,30,18,3,26,79.17,TS,Yes
463,广州,未婚,初中,女,No,30,20,1,25,56.69,PS,No
464,广州,已婚,大专,男,Yes,23,19,4,30,48.65,ES,No
465,北京,已婚,高中,男,No,39,25,4,21,111.53,PS,No
466,北京,未婚,研究生,女,Yes,46,119,1,71,275.5,TS,No
467,广州,已婚,本科,男,No,48,323,4,11,89.4,PS,Yes
468,北京,已婚,初中,女,No,30,45,2,24,31.24,BS,No
469,北京,已婚,本科,男,Yes,59,197,2,65,170.43,ES,No
470,北京,已婚,大专,女,No,34,56,3,16,47.34,BS,Yes
471,广州,已婚,本科,男,Yes,51,24,2,37,93.93,ES,No
472,北京,未婚,大专,男,No,30,25,1,5,35.04,PS,Yes
473,北京,已婚,研究生,女,Yes,55,26,2,3,32.13,ES,Yes
474,北京,未婚,本科,男,Yes,32,33,2,5,23.48,BS,Yes
475,北京,已婚,高中,男,Yes,44,150,2,60,238.55,TS,No
476,上海,已婚,高中,女,Yes,37,99,3,19,50.95,ES,Yes
477,广州,未婚,本科,女,Yes,40,50,2,54,144.03,TS,No
478,上海,未婚,大专,女,No,41,81,4,25,58.74,PS,No
479,上海,未婚,初中,男,Yes,36,21,2,1,2.76,ES,Yes
480,广州,未婚,大专,女,Yes,68,273,1,54,130.98,BS,No
481,北京,已婚,大专,女,No,31,39,7,14,32.18,BS,No
482,广州,已婚,高中,男,Yes,28,17,4,14,27.21,BS,Yes
483,上海,已婚,大专,女,Yes,45,115,4,10,26.55,ES,Yes
484,北京,未婚,高中,女,No,23,27,3,7,28.9,BS,No
485,上海,未婚,初中,男,No,45,35,1,33,68.77,PS,Yes
486,北京,未婚,高中,男,Yes,23,20,1,3,13.91,BS,No
487,上海,已婚,初中,男,No,58,92,3,56,70.33,BS,No
488,上海,未婚,高中,女,No,56,207,1,54,136.79,PS,No
489,北京,已婚,初中,男,No,55,40,5,72,139.19,ES,No
490,北京,未婚,高中,男,No,29,40,1,18,38,PS,No
491,广州,未婚,本科,男,Yes,29,55,1,25,86.47,BS,Yes
492,北京,未婚,初中,女,Yes,62,26,1,42,76.11,BS,No
493,广州,未婚,高中,男,No,37,41,1,4,27.5,BS,No
494,上海,已婚,本科,男,Yes,50,203,2,12,84.23,BS,Yes
495,上海,已婚,高中,女,No,64,380,2,53,151.61,PS,No
496,上海,已婚,本科,男,Yes,38,104,7,13,128.22,TS,Yes
497,广州,已婚,大专,男,Yes,31,24,4,18,49,ES,No
498,广州,已婚,大专,女,No,42,81,5,67,180.29,TS,No
499,上海,未婚,初中,男,No,24,17,1,6,34.3,PS,No
500,北京,未婚,初中,女,No,46,45,1,25,66.8,PS,No
501,上海,未婚,高中,男,Yes,39,32,1,15,31.18,ES,Yes
502,广州,未婚,本科,男,No,35,57,1,32,83.43,ES,No
503,上海,未婚,本科,男,Yes,39,63,1,22,60.73,ES,Yes
504,上海,未婚,本科,男,No,22,25,1,8,89.48,PS,No
505,北京,已婚,初中,男,Yes,31,22,2,3,6.48,BS,Yes
506,上海,未婚,高中,男,No,54,155,1,32,72.66,BS,No
507,北京,未婚,高中,男,No,54,30,1,49,73.46,ES,No
508,上海,未婚,大专,女,Yes,28,46,1,2,31.26,TS,No
509,北京,未婚,本科,女,Yes,47,68,2,39,76.06,ES,Yes
510,北京,未婚,高中,男,No,33,67,2,42,73.69,ES,No
511,北京,未婚,大专,男,Yes,36,69,1,28,113.75,TS,No
512,上海,已婚,高中,男,No,46,47,5,41,148.88,TS,No
513,广州,已婚,高中,男,Yes,50,83,2,67,145.38,ES,No
514,北京,未婚,高中,女,No,40,34,1,38,67.96,ES,No
515,上海,未婚,高中,女,Yes,38,45,4,18,84.49,TS,Yes
516,上海,已婚,高中,女,No,42,29,2,6,77.78,TS,No
517,上海,未婚,高中,女,No,36,21,3,4,14.92,BS,No
518,北京,已婚,大专,女,No,23,30,4,13,53.47,TS,No
519,北京,未婚,本科,男,Yes,35,78,1,20,90.86,TS,Yes
520,北京,已婚,大专,女,No,49,61,2,34,109.97,PS,No
521,北京,已婚,研究生,男,No,29,90,4,46,185.1,TS,No
522,北京,未婚,高中,男,No,41,43,1,48,88,ES,No
523,广州,已婚,高中,男,No,61,301,2,69,228.64,PS,No
524,北京,已婚,高中,男,No,34,32,4,32,47.77,BS,No
525,北京,未婚,高中,男,Yes,29,41,2,29,75.16,ES,No
526,广州,未婚,初中,女,Yes,52,127,3,55,84.35,ES,No
527,广州,已婚,初中,女,No,60,271,2,72,93.9,PS,No
528,广州,未婚,大专,女,No,26,32,1,29,49.71,BS,Yes
529,上海,已婚,本科,女,Yes,25,36,5,50,138.82,TS,No
530,广州,已婚,大专,男,Yes,50,293,2,35,84.95,BS,Yes
531,广州,未婚,大专,男,Yes,63,41,1,11,30.91,BS,Yes
532,北京,未婚,大专,女,Yes,29,39,1,9,30.24,BS,No
533,上海,未婚,初中,男,No,48,58,1,51,110.38,PS,Yes
534,北京,已婚,初中,女,No,34,28,3,33,61.44,ES,No
535,北京,未婚,高中,男,No,20,15,2,25,67.93,PS,No
536,广州,未婚,本科,女,No,34,105,4,31,69.46,PS,No
537,上海,已婚,本科,女,Yes,40,80,2,67,231.83,TS,No
538,广州,未婚,高中,男,No,45,36,3,55,158.67,PS,No
539,广州,未婚,本科,女,Yes,50,112,1,19,89.63,TS,No
540,北京,已婚,本科,女,No,34,55,4,39,182.02,TS,No
541,上海,已婚,本科,男,No,35,40,2,52,183.64,PS,No
542,广州,已婚,高中,女,No,37,23,5,55,106.65,PS,No
543,上海,未婚,本科,女,Yes,62,28,1,25,133.1,TS,Yes
544,广州,未婚,高中,女,No,58,21,1,33,71.59,BS,No
545,上海,未婚,本科,男,No,35,63,2,48,113.46,PS,Yes
546,上海,已婚,本科,男,Yes,31,52,3,48,196.39,TS,No
547,上海,未婚,初中,女,No,57,189,3,49,103.82,BS,No
548,广州,已婚,初中,男,No,32,50,3,54,152.61,PS,Yes
549,北京,已婚,初中,男,No,32,23,4,45,90.85,BS,No
550,广州,已婚,高中,女,Yes,37,33,5,4,11.52,BS,Yes
551,广州,已婚,大专,女,Yes,27,29,3,49,99.89,ES,Yes
552,上海,未婚,大专,男,Yes,35,96,1,23,106.55,TS,Yes
553,上海,未婚,研究生,男,Yes,44,80,1,31,84.71,ES,Yes
554,上海,已婚,高中,男,No,44,68,5,55,133.61,PS,No
555,北京,未婚,初中,女,No,28,30,6,9,20.21,BS,No
556,上海,已婚,高中,男,No,57,34,3,55,76.02,BS,No
557,北京,未婚,高中,女,Yes,30,35,3,34,87.28,PS,No
558,北京,未婚,高中,男,No,23,36,3,10,43.07,PS,No
559,上海,未婚,大专,女,Yes,76,35,1,62,118.01,ES,No
560,上海,未婚,大专,男,No,36,62,2,51,147.7,TS,No
561,北京,未婚,初中,男,No,48,94,1,65,128.2,ES,No
562,广州,未婚,初中,男,No,33,60,2,53,141.6,TS,No
563,北京,未婚,高中,男,Yes,35,118,1,23,58.03,BS,Yes
564,广州,未婚,本科,男,Yes,30,135,3,1,23.07,BS,Yes
565,广州,未婚,高中,女,No,55,80,1,66,119.24,PS,No
566,广州,已婚,大专,女,Yes,27,21,2,8,22.16,ES,No
567,广州,已婚,初中,女,No,28,22,5,18,203.27,BS,No
568,广州,已婚,本科,男,No,32,63,4,36,84.89,ES,No
569,北京,未婚,高中,女,No,40,142,1,13,34.5,BS,Yes
570,广州,未婚,大专,女,No,44,32,1,4,31.69,PS,Yes
571,广州,未婚,大专,男,Yes,32,19,1,20,41.66,ES,No
572,北京,已婚,本科,男,Yes,39,60,3,66,190.92,TS,No
573,广州,已婚,初中,男,No,47,97,4,67,123.59,PS,No
574,北京,已婚,高中,女,Yes,24,31,4,11,73.44,TS,Yes
575,北京,未婚,大专,女,No,26,30,2,6,27.55,BS,Yes
576,上海,已婚,初中,女,Yes,23,31,4,13,46.02,BS,No
577,上海,已婚,高中,女,Yes,29,44,6,2,60.88,TS,Yes
578,北京,未婚,高中,男,No,40,38,1,4,18.01,BS,No
579,北京,已婚,高中,女,Yes,63,23,2,34,115.02,TS,No
580,北京,已婚,大专,男,No,34,37,4,13,37.3,PS,No
581,上海,已婚,高中,男,Yes,40,26,5,37,68.2,ES,No
582,北京,已婚,高中,男,No,30,38,6,45,90.65,PS,No
583,上海,未婚,大专,女,No,70,153,1,71,205.59,PS,No
584,北京,未婚,初中,女,No,40,49,1,35,66.69,BS,No
585,广州,未婚,大专,男,Yes,41,51,1,44,75.83,BS,No
586,广州,已婚,初中,男,No,45,88,2,44,104.46,PS,No
587,北京,已婚,初中,女,No,41,19,6,26,36.7,BS,No
588,上海,已婚,初中,女,No,46,31,3,42,86.55,BS,No
589,上海,已婚,高中,男,No,47,90,3,41,87.35,BS,Yes
590,北京,已婚,初中,男,No,24,14,4,31,52.22,BS,No
591,广州,未婚,高中,男,No,63,341,1,62,107.81,PS,Yes
592,北京,已婚,本科,女,No,23,24,8,12,112.66,TS,No
593,上海,已婚,高中,女,No,49,81,4,45,134.84,PS,No
594,北京,已婚,高中,女,No,34,63,4,47,104.44,BS,No
595,上海,已婚,初中,男,No,22,27,5,23,76.11,PS,No
596,广州,未婚,研究生,女,Yes,34,20,1,39,181.94,TS,No
597,上海,未婚,大专,男,No,26,48,2,19,39.73,PS,No
598,北京,未婚,本科,男,No,54,121,1,13,40.26,PS,No
599,上海,未婚,大专,男,Yes,33,39,3,5,39.73,TS,Yes
600,上海,未婚,高中,男,Yes,19,21,1,11,26.93,BS,Yes
601,广州,未婚,本科,男,Yes,32,53,1,4,40.97,BS,Yes
602,广州,未婚,初中,男,No,42,58,1,17,30.33,ES,Yes
603,上海,未婚,大专,男,No,27,39,1,7,25.48,BS,Yes
604,北京,未婚,初中,男,No,65,108,3,19,60.63,PS,No
605,上海,已婚,初中,男,Yes,34,38,4,32,67.34,ES,No
606,上海,未婚,本科,男,No,51,245,1,53,133.17,ES,No
607,北京,未婚,初中,女,No,38,51,1,51,120.53,PS,No
608,北京,未婚,本科,女,No,34,78,1,35,76.07,BS,No
609,北京,已婚,本科,男,Yes,31,23,5,3,60.13,TS,Yes
610,北京,未婚,本科,男,No,48,88,1,22,45.79,BS,Yes
611,广州,已婚,高中,女,Yes,21,25,3,17,34.58,PS,No
612,上海,未婚,高中,女,No,39,73,1,68,187.43,ES,No
613,上海,已婚,本科,女,No,41,62,2,27,81.16,PS,No
614,广州,已婚,大专,女,No,52,456,4,68,161.05,PS,No
615,广州,已婚,高中,男,No,42,24,2,56,113.04,PS,No
616,广州,未婚,高中,女,Yes,32,23,1,11,28.46,BS,No
617,广州,未婚,初中,女,No,47,46,1,5,12.52,BS,Yes
618,广州,未婚,高中,女,Yes,50,263,3,16,78.58,PS,No
619,上海,未婚,本科,女,No,30,34,1,59,147.23,ES,No
620,北京,未婚,高中,男,Yes,64,33,1,60,220.73,TS,No
621,广州,未婚,初中,男,No,47,37,1,55,127.59,PS,No
622,北京,未婚,高中,男,No,56,296,1,18,31.32,BS,No
623,上海,未婚,大专,女,Yes,22,26,3,16,35.38,ES,Yes
624,北京,已婚,本科,男,No,57,47,2,35,82.57,ES,No
625,广州,已婚,大专,女,Yes,23,31,2,31,149.14,TS,Yes
626,上海,已婚,高中,女,No,49,264,2,20,43.95,BS,No
627,上海,未婚,本科,女,Yes,27,41,1,16,91.73,TS,Yes
628,上海,已婚,高中,男,No,48,55,2,69,150.4,PS,No
629,广州,已婚,高中,男,No,66,49,2,69,164.25,BS,No
630,上海,已婚,初中,女,No,24,26,4,27,52.04,BS,Yes
631,广州,未婚,本科,男,No,39,110,1,48,155.54,PS,No
632,北京,已婚,初中,女,No,52,66,2,18,75.02,BS,No
633,上海,已婚,大专,女,No,40,39,2,24,95.48,PS,No
634,上海,未婚,高中,男,Yes,42,31,1,17,83.84,TS,Yes
635,上海,已婚,本科,女,No,24,26,3,9,39.13,BS,No
636,上海,未婚,本科,女,Yes,46,232,2,15,97.49,TS,Yes
637,北京,已婚,本科,女,No,37,43,3,62,119.57,ES,No
638,北京,未婚,本科,男,Yes,41,39,1,9,52.69,BS,Yes
639,上海,已婚,高中,女,No,41,73,2,71,139.56,PS,No
640,上海,已婚,初中,男,No,59,74,2,62,124.71,PS,No
641,上海,未婚,本科,男,No,38,237,1,20,98.6,TS,No
642,北京,已婚,初中,男,No,33,22,5,19,30.66,PS,No
643,上海,已婚,初中,男,No,61,21,2,49,128.63,PS,No
644,广州,未婚,高中,男,No,64,9,1,3,13.58,BS,Yes
645,北京,未婚,研究生,男,Yes,36,41,1,33,116.15,BS,Yes
646,上海,未婚,本科,女,Yes,44,50,1,38,84.13,ES,Yes
647,广州,已婚,大专,女,Yes,48,27,3,42,162.98,TS,No
648,北京,未婚,大专,男,Yes,26,53,1,11,96.32,TS,Yes
649,广州,已婚,大专,男,No,28,58,2,27,74.96,PS,No
650,广州,未婚,本科,女,No,50,151,1,23,69.41,BS,No
651,上海,已婚,高中,男,No,38,54,2,4,65.4,PS,No
652,广州,未婚,初中,女,No,42,31,1,36,57.86,BS,Yes
653,上海,未婚,初中,女,No,42,115,1,37,72.66,PS,No
654,广州,已婚,初中,男,No,58,24,2,24,55.43,BS,No
655,广州,未婚,高中,男,No,24,17,3,4,14.96,BS,Yes
656,广州,未婚,高中,女,No,33,47,2,54,139.26,PS,No
657,广州,未婚,初中,女,No,49,36,1,7,35.95,PS,Yes
658,北京,未婚,本科,男,Yes,28,75,1,10,96.05,TS,Yes
659,广州,已婚,研究生,女,Yes,35,41,2,24,59.32,ES,No
660,广州,未婚,本科,男,Yes,31,18,1,12,36.5,BS,Yes
661,上海,未婚,大专,女,No,54,171,1,45,126.97,PS,No
662,广州,已婚,大专,女,No,55,42,2,59,87.79,ES,No
663,北京,已婚,大专,女,No,21,36,4,3,19,BS,No
664,广州,未婚,研究生,男,Yes,35,31,1,8,96.68,TS,Yes
665,北京,未婚,高中,女,Yes,59,207,2,16,50.06,TS,No
666,广州,未婚,初中,女,No,33,38,1,32,60.06,BS,No
667,北京,未婚,本科,女,Yes,49,134,1,8,122.46,TS,Yes
668,北京,已婚,大专,男,Yes,28,28,3,9,28.77,ES,Yes
669,上海,已婚,高中,女,No,19,15,4,12,30.22,ES,No
670,上海,已婚,本科,男,Yes,43,48,6,24,131.59,TS,No
671,广州,未婚,高中,女,No,75,14,1,72,167.03,ES,No
672,广州,未婚,本科,女,No,61,101,1,58,133.52,ES,No
673,北京,已婚,高中,男,No,44,87,3,70,204.88,PS,No
674,广州,未婚,初中,女,No,25,27,1,9,21.8,BS,Yes
675,北京,未婚,研究生,女,Yes,25,27,1,49,106.16,ES,No
676,广州,未婚,大专,男,No,54,59,1,52,162.69,PS,No
677,北京,已婚,本科,女,Yes,42,294,6,10,98.44,TS,Yes
678,北京,已婚,大专,男,No,52,44,2,14,51.81,PS,No
679,北京,已婚,高中,男,No,27,35,6,19,63.31,TS,No
680,广州,已婚,本科,女,Yes,36,205,4,12,65.33,ES,Yes
681,北京,未婚,大专,女,Yes,59,732,1,65,86.49,ES,No
682,北京,已婚,大专,男,No,40,59,2,67,195.28,PS,No
683,上海,已婚,初中,男,No,24,23,2,29,72.51,PS,No
684,广州,未婚,高中,女,Yes,46,87,1,55,82.04,BS,No
685,广州,已婚,初中,女,No,67,110,2,71,130.09,PS,No
686,广州,已婚,大专,女,No,44,83,3,5,72.08,PS,Yes
687,广州,未婚,本科,女,Yes,58,63,3,60,141.9,ES,No
688,上海,未婚,大专,女,No,40,22,1,10,31.41,BS,Yes
689,广州,未婚,大专,男,No,64,43,1,52,166.66,TS,No
690,上海,已婚,高中,男,Yes,43,35,3,61,141.08,ES,No
691,北京,已婚,高中,男,No,29,48,4,61,91.5,ES,No
692,上海,已婚,大专,男,No,47,69,3,67,154.21,PS,No
693,广州,已婚,本科,男,No,42,26,4,41,93.02,ES,No
694,北京,未婚,初中,女,No,28,20,1,30,67.26,BS,Yes
695,北京,未婚,高中,男,Yes,46,43,1,24,128.95,TS,No
696,北京,未婚,初中,女,No,75,33,1,72,188.12,ES,No
697,上海,未婚,高中,男,Yes,35,66,1,17,69.66,TS,Yes
698,上海,未婚,高中,男,No,72,12,1,65,150.64,PS,No
699,北京,已婚,高中,男,Yes,30,90,5,15,76.4,TS,No
700,北京,未婚,大专,女,No,33,35,1,34,70.54,ES,Yes
701,北京,未婚,研究生,女,No,43,51,1,26,73.52,ES,Yes
702,上海,未婚,大专,女,Yes,45,117,1,36,79.21,ES,No
703,北京,未婚,高中,女,No,48,100,1,60,135.39,PS,No
704,北京,未婚,初中,男,No,54,147,4,16,55.32,PS,No
705,上海,未婚,本科,女,No,33,53,1,1,18.25,BS,Yes
706,广州,已婚,研究生,男,Yes,30,57,4,56,97.87,ES,No
707,上海,未婚,高中,男,Yes,50,37,1,6,19.67,ES,No
708,上海,未婚,大专,女,No,34,42,1,48,80.38,ES,No
709,上海,已婚,初中,男,No,36,50,2,34,78.34,PS,No
710,上海,已婚,本科,男,Yes,42,55,5,54,247.75,TS,Yes
711,广州,已婚,高中,女,No,31,42,4,38,99.3,TS,No
712,上海,未婚,初中,女,No,55,37,1,25,43.69,BS,Yes
713,北京,已婚,大专,女,Yes,69,228,4,47,195.63,TS,Yes
714,北京,已婚,研究生,男,No,62,163,2,72,251.99,TS,No
715,上海,已婚,本科,女,No,35,28,3,6,79.25,TS,No
716,北京,已婚,研究生,女,No,51,118,2,30,82.17,BS,No
717,北京,已婚,高中,女,Yes,70,115,2,65,218.06,TS,No
718,北京,已婚,本科,男,No,44,37,2,22,89.48,PS,No
719,北京,未婚,初中,男,No,53,93,1,60,129.64,PS,No
720,上海,未婚,本科,女,Yes,32,71,1,19,109.95,TS,Yes
721,广州,未婚,高中,女,No,25,26,3,18,70.1,BS,No
722,北京,已婚,本科,女,No,37,14,6,9,33.4,BS,Yes
723,北京,已婚,初中,女,No,34,18,2,1,3.12,BS,Yes
724,广州,已婚,本科,女,Yes,28,36,3,10,81.28,TS,No
725,广州,已婚,本科,男,Yes,34,43,4,45,100.53,ES,Yes
726,北京,已婚,本科,女,Yes,28,41,4,25,111.65,PS,Yes
727,广州,未婚,高中,女,No,39,66,1,66,147.73,ES,No
728,北京,未婚,本科,女,No,67,33,1,27,75.72,PS,Yes
729,北京,未婚,本科,男,No,41,53,1,19,47.31,BS,No
730,上海,已婚,本科,男,No,41,28,6,17,49.51,BS,No
731,上海,未婚,本科,男,Yes,36,58,1,16,66.69,BS,No
732,北京,已婚,本科,女,Yes,42,129,3,8,29.24,BS,No
733,北京,未婚,本科,女,Yes,25,65,1,3,23.31,TS,Yes
734,广州,未婚,大专,女,No,57,311,1,59,144.58,BS,No
735,上海,未婚,大专,女,Yes,37,57,1,45,87.21,ES,No
736,北京,未婚,高中,女,No,62,47,1,66,166.12,ES,No
737,广州,已婚,初中,男,No,50,25,2,28,53.35,BS,No
738,北京,已婚,研究生,男,No,38,46,3,15,44.75,BS,Yes
739,广州,已婚,大专,女,No,34,51,4,39,182.26,TS,No
740,广州,未婚,高中,女,No,33,19,2,38,92.87,PS,No
741,广州,未婚,大专,女,Yes,29,26,2,34,76.36,ES,No
742,广州,已婚,研究生,男,Yes,57,72,2,60,239.57,TS,No
743,广州,已婚,初中,女,No,65,71,4,72,216.83,PS,No
744,北京,已婚,高中,男,No,42,41,8,42,128.58,PS,No
745,广州,未婚,高中,男,Yes,37,44,1,32,53.5,BS,No
746,广州,已婚,本科,女,Yes,50,208,2,48,185.11,TS,Yes
747,广州,已婚,本科,女,Yes,37,45,6,63,118.1,ES,No
748,广州,已婚,大专,男,No,27,39,4,45,76.85,ES,No
749,上海,未婚,本科,男,Yes,42,89,1,68,157.53,ES,No
750,北京,已婚,高中,女,No,29,19,2,6,18.91,BS,No
751,北京,已婚,高中,女,Yes,57,15,2,68,201.78,TS,Yes
752,广州,已婚,高中,女,No,68,59,2,72,242.57,TS,No
753,广州,已婚,大专,女,Yes,38,20,4,53,112.02,ES,No
754,广州,已婚,本科,男,Yes,51,27,3,20,70.84,PS,No
755,上海,已婚,高中,男,No,35,48,3,70,124.44,ES,No
756,广州,未婚,高中,女,No,47,135,1,32,72.31,BS,No
757,上海,已婚,初中,男,No,52,19,2,61,115.35,PS,Yes
758,北京,已婚,本科,男,Yes,25,28,3,24,87.39,ES,No
759,上海,已婚,初中,女,No,61,12,2,56,98.33,BS,No
760,广州,未婚,高中,男,No,59,28,1,54,115.04,ES,No
761,广州,已婚,大专,女,No,38,18,3,43,111.43,TS,No
762,北京,未婚,大专,女,No,35,58,1,19,122.94,TS,Yes
763,广州,未婚,大专,女,No,43,72,1,5,38.78,PS,No
764,北京,已婚,本科,女,Yes,61,112,4,24,66.61,BS,Yes
765,广州,已婚,高中,女,No,35,28,2,62,103.1,ES,No
766,上海,未婚,研究生,女,Yes,40,398,1,14,110.77,TS,Yes
767,广州,已婚,大专,女,No,48,106,3,60,255.8,TS,No
768,上海,已婚,初中,女,No,74,10,2,30,89.83,PS,No
769,北京,已婚,大专,男,Yes,42,108,4,40,78.74,ES,Yes
770,上海,已婚,高中,女,No,50,85,4,42,66.63,BS,No
771,北京,未婚,大专,女,No,34,51,1,20,55.06,ES,Yes
772,北京,已婚,高中,女,No,22,22,3,4,13.3,PS,No
773,上海,已婚,高中,女,No,49,66,4,44,154.64,TS,No
774,广州,未婚,高中,男,No,63,10,1,49,111.07,PS,No
775,广州,已婚,初中,女,No,36,34,2,5,28.25,PS,Yes
776,广州,已婚,初中,男,No,50,67,4,70,168.49,ES,No
777,北京,已婚,初中,男,No,57,19,4,30,58.85,BS,Yes
778,上海,未婚,本科,女,Yes,48,128,1,28,144.73,TS,Yes
779,北京,已婚,研究生,男,No,28,39,6,5,89.25,TS,No
780,上海,未婚,初中,女,Yes,35,56,1,27,111.4,TS,No
781,上海,未婚,本科,女,Yes,39,45,1,17,52.68,BS,Yes
782,北京,已婚,初中,女,No,37,25,5,4,6.68,BS,No
783,北京,已婚,高中,女,No,23,24,4,30,91.03,PS,No
784,广州,已婚,本科,女,No,40,53,2,71,179.63,TS,No
785,广州,未婚,初中,女,No,77,49,1,67,154.5,BS,No
786,广州,已婚,初中,女,No,48,38,2,24,51.21,BS,No
787,北京,已婚,大专,女,Yes,54,84,2,24,63.46,BS,Yes
788,上海,未婚,初中,女,No,54,126,1,59,131.51,PS,No
789,广州,未婚,本科,男,Yes,32,73,1,59,154.26,ES,Yes
790,广州,已婚,本科,女,Yes,37,41,6,44,85,ES,No
791,北京,已婚,本科,男,No,31,22,3,19,55.16,ES,Yes
792,上海,已婚,初中,女,No,46,23,2,58,93.77,BS,No
793,北京,已婚,高中,男,No,53,94,2,41,75.63,ES,No
794,上海,未婚,大专,男,No,33,30,4,16,102.57,PS,Yes
795,广州,未婚,高中,男,No,36,31,1,13,28.99,BS,Yes
796,北京,未婚,初中,女,No,53,171,1,60,132.05,PS,No
797,上海,已婚,初中,女,No,49,102,6,72,143.65,ES,No
798,上海,未婚,本科,女,Yes,39,27,1,33,167.99,TS,No
799,上海,已婚,本科,女,No,45,98,2,72,193.48,TS,No
800,北京,已婚,本科,女,No,54,591,2,66,248.22,TS,No
801,广州,已婚,初中,女,No,37,25,6,53,154.78,PS,No
802,上海,已婚,本科,男,Yes,28,36,4,22,123.64,TS,No
803,上海,已婚,高中,女,No,26,25,3,14,31.82,PS,No
804,北京,未婚,高中,女,No,49,69,2,52,134.31,PS,No
805,广州,已婚,初中,男,No,30,22,2,33,130.14,PS,No
806,广州,未婚,高中,女,No,66,67,1,72,245.39,PS,No
807,北京,已婚,本科,女,No,40,73,4,40,128.58,PS,Yes
808,上海,未婚,本科,女,Yes,26,22,1,29,107.24,TS,Yes
809,广州,未婚,高中,男,No,67,9,1,63,89.97,PS,No
810,上海,未婚,大专,女,Yes,54,147,1,56,148.73,ES,No
811,广州,已婚,高中,女,No,50,239,2,60,249.02,TS,No
812,广州,已婚,大专,男,Yes,22,23,5,28,60.53,BS,No
813,上海,未婚,本科,男,No,39,29,1,39,71.89,ES,No
814,广州,已婚,高中,男,No,39,32,4,65,128.09,PS,No
815,广州,未婚,大专,女,No,31,30,1,29,80.85,PS,No
816,广州,未婚,高中,女,No,36,57,2,28,85.46,PS,No
817,北京,未婚,高中,男,No,18,20,1,2,61.48,PS,Yes
818,广州,未婚,高中,女,No,52,248,3,67,196.5,PS,No
819,广州,已婚,大专,女,Yes,35,59,5,5,67.7,TS,No
820,广州,未婚,高中,男,No,35,24,1,48,140.89,PS,No
821,上海,已婚,初中,女,No,26,25,3,10,23.26,BS,No
822,上海,未婚,大专,女,No,28,37,1,17,43.78,PS,Yes
823,北京,已婚,本科,女,Yes,24,30,5,21,129.15,TS,No
824,上海,未婚,本科,男,Yes,51,66,2,25,99.28,TS,No
825,广州,未婚,初中,男,No,31,16,1,44,77.77,BS,Yes
826,上海,未婚,本科,女,Yes,49,429,2,59,179.53,TS,Yes
827,上海,未婚,高中,男,No,26,20,1,11,23.86,BS,No
828,上海,已婚,大专,男,Yes,68,262,2,50,146.63,PS,No
829,广州,已婚,大专,女,No,25,28,5,23,38.82,ES,No
830,北京,未婚,高中,女,Yes,19,18,2,17,36.38,ES,Yes
831,北京,已婚,大专,男,No,62,144,2,15,94.18,PS,No
832,上海,已婚,初中,女,No,57,33,2,68,138.01,ES,No
833,北京,已婚,大专,女,Yes,42,19,2,69,157.29,BS,No
834,北京,已婚,初中,女,No,24,30,5,30,41.86,BS,Yes
835,广州,未婚,高中,男,No,30,41,1,22,89.37,PS,No
836,上海,已婚,高中,女,No,20,20,4,10,26.2,BS,Yes
837,北京,已婚,大专,女,No,59,65,6,72,132.81,ES,No
838,上海,已婚,本科,女,No,24,17,2,34,79.84,PS,No
839,上海,已婚,初中,男,No,49,66,4,43,67.48,PS,No
840,广州,已婚,本科,男,Yes,37,18,3,31,119.03,TS,No
841,上海,已婚,本科,男,No,27,26,5,6,44.35,BS,Yes
842,上海,未婚,本科,男,No,42,46,1,48,109.86,PS,No
843,上海,未婚,初中,男,No,25,19,3,50,95.48,BS,No
844,广州,已婚,高中,女,No,41,58,2,20,48.8,ES,No
845,广州,未婚,初中,男,No,73,25,1,61,112.57,BS,No
846,上海,未婚,高中,女,No,21,15,1,6,20.25,BS,No
847,上海,未婚,高中,男,Yes,22,35,1,1,8.58,BS,Yes
848,北京,未婚,高中,女,Yes,43,41,1,21,95.11,TS,Yes
849,广州,未婚,本科,男,Yes,32,71,2,7,70,TS,No
850,广州,已婚,大专,女,No,56,608,2,65,281.99,TS,No
851,北京,未婚,本科,女,Yes,37,44,1,64,139.19,ES,No
852,广州,未婚,高中,男,No,30,41,2,4,11.53,PS,Yes
853,北京,已婚,大专,女,Yes,45,83,2,67,151.59,ES,No
854,上海,未婚,高中,男,No,35,28,2,22,47.13,ES,Yes
855,广州,已婚,高中,女,No,37,101,2,51,87.3,PS,No
856,北京,未婚,初中,女,No,28,28,1,50,101.52,PS,No
857,北京,已婚,高中,男,No,47,35,2,31,56.78,BS,No
858,广州,未婚,高中,女,No,28,39,1,4,32.25,PS,Yes
859,广州,未婚,本科,男,Yes,56,51,1,60,174.43,TS,No
860,广州,已婚,高中,女,Yes,31,31,6,7,17.08,BS,Yes
861,广州,未婚,本科,女,Yes,40,209,1,20,45.32,ES,No
862,上海,已婚,大专,女,No,23,37,4,19,62.44,PS,Yes
863,广州,已婚,本科,女,Yes,37,64,2,58,307.83,TS,Yes
864,广州,未婚,大专,女,Yes,64,88,1,65,212.09,TS,Yes
865,广州,已婚,初中,男,No,61,61,3,72,134.32,ES,No
866,广州,未婚,大专,男,Yes,42,66,1,8,45.24,TS,No
867,上海,已婚,大专,男,No,40,19,2,33,73.63,BS,No
868,广州,已婚,高中,女,No,34,42,5,18,57.1,TS,No
869,上海,已婚,高中,男,No,31,41,5,24,77.01,PS,No
870,广州,未婚,初中,女,No,36,50,1,70,152.11,ES,No
871,北京,未婚,本科,男,Yes,38,70,1,7,67.71,TS,Yes
872,广州,未婚,初中,女,No,59,85,1,70,188.33,PS,No
873,上海,已婚,大专,女,No,48,45,2,20,114.88,PS,Yes
874,广州,已婚,初中,男,No,32,27,2,54,126.02,ES,No
875,广州,未婚,初中,男,No,48,29,1,36,42.64,BS,No
876,广州,已婚,本科,女,No,53,48,2,71,190.9,PS,No
877,北京,未婚,高中,男,No,41,32,1,17,53.24,PS,No
878,北京,已婚,初中,男,No,45,43,3,18,54.74,PS,No
879,北京,未婚,研究生,女,Yes,27,16,1,16,97.61,TS,Yes
880,广州,已婚,高中,女,Yes,30,22,2,38,74.06,ES,No
881,北京,已婚,大专,女,Yes,45,40,3,52,152.14,TS,No
882,北京,已婚,大专,男,No,48,256,6,46,175.46,TS,No
883,上海,未婚,本科,男,Yes,46,144,1,31,78.5,PS,No
884,上海,未婚,本科,男,Yes,31,45,2,23,64.16,ES,No
885,上海,已婚,高中,女,No,56,34,3,38,94.13,PS,No
886,上海,未婚,大专,女,No,54,248,1,50,145.05,PS,No
887,上海,未婚,高中,男,No,49,41,1,16,84.02,TS,No
888,上海,已婚,本科,女,Yes,34,27,2,14,102.67,TS,No
889,上海,未婚,大专,女,No,52,17,1,30,75.54,ES,Yes
890,广州,已婚,本科,女,Yes,47,44,3,22,137.74,TS,Yes
891,北京,已婚,高中,男,Yes,55,135,4,38,96.01,TS,No
892,广州,已婚,本科,女,No,26,41,3,59,136.02,ES,Yes
893,上海,未婚,大专,男,No,55,587,1,54,84.52,PS,No
894,广州,未婚,本科,女,Yes,40,38,1,9,111.42,TS,Yes
895,北京,已婚,高中,女,Yes,67,49,2,67,102.37,ES,No
896,上海,未婚,大专,女,Yes,44,33,2,24,60.11,BS,No
897,上海,已婚,初中,女,No,55,36,2,12,21.88,ES,Yes
898,北京,未婚,大专,男,Yes,47,54,1,26,86.47,ES,No
899,上海,未婚,高中,男,Yes,32,58,4,3,57.24,TS,Yes
900,上海,未婚,研究生,女,Yes,46,23,2,20,54.23,TS,No
901,广州,已婚,研究生,男,No,52,97,2,5,89.25,TS,Yes
902,广州,未婚,大专,女,Yes,53,207,1,58,179.15,TS,Yes
903,北京,已婚,大专,男,No,28,21,4,54,127.49,BS,No
904,上海,未婚,大专,女,Yes,39,119,1,52,104.68,BS,No
905,上海,已婚,初中,女,No,30,25,4,38,53.1,BS,No
906,上海,未婚,大专,男,No,46,59,1,19,47.29,BS,No
907,上海,已婚,初中,男,Yes,33,24,4,22,32.23,BS,No
908,北京,已婚,本科,男,Yes,35,113,5,49,119.2,ES,No
909,广州,未婚,初中,女,No,39,22,2,5,31.15,PS,No
910,上海,未婚,初中,男,No,69,11,1,18,26.21,BS,No
911,广州,未婚,初中,女,No,29,33,4,43,122.23,PS,No
912,广州,未婚,研究生,男,Yes,50,205,1,17,112.78,TS,Yes
913,上海,未婚,大专,女,Yes,33,41,3,37,81.28,ES,Yes
914,上海,未婚,初中,女,No,39,39,1,8,29.32,BS,No
915,上海,已婚,高中,女,No,46,107,6,51,144.88,PS,No
916,北京,已婚,初中,女,No,55,198,3,71,163.68,PS,No
917,北京,已婚,研究生,女,Yes,53,100,2,56,118.19,ES,No
918,广州,未婚,高中,男,No,68,1131,1,70,205.16,PS,No
919,北京,未婚,大专,女,No,53,360,2,62,160.19,PS,No
920,北京,已婚,高中,女,Yes,52,162,2,50,177.15,TS,No
921,广州,未婚,研究生,女,Yes,31,29,3,1,22.89,BS,Yes
922,广州,未婚,本科,男,Yes,26,38,2,15,50.14,TS,Yes
923,广州,已婚,大专,女,Yes,55,82,2,72,144.86,ES,No
924,上海,已婚,高中,男,No,47,159,4,69,140.15,PS,Yes
925,上海,未婚,高中,男,No,44,201,1,32,101.11,PS,No
926,北京,已婚,本科,女,No,25,27,2,19,74.07,PS,Yes
927,上海,未婚,大专,女,Yes,54,57,1,42,108.39,TS,No
928,广州,未婚,初中,男,No,49,45,1,51,103.53,BS,No
929,上海,已婚,高中,女,No,22,17,4,32,81.06,PS,Yes
930,广州,已婚,初中,男,No,55,61,2,26,72.3,PS,No
931,上海,已婚,本科,男,No,44,418,2,39,97.08,TS,No
932,上海,未婚,高中,女,No,53,152,1,72,260.4,TS,No
933,上海,未婚,本科,男,No,39,38,2,4,78.44,TS,Yes
934,上海,已婚,本科,男,No,50,151,3,54,198.84,PS,No
935,北京,已婚,本科,女,Yes,40,23,3,34,132.33,TS,No
936,北京,已婚,本科,女,Yes,25,33,3,20,92.4,BS,No
937,广州,未婚,初中,男,No,49,26,1,14,31.06,BS,No
938,北京,未婚,初中,女,No,59,89,1,61,155.31,PS,No
939,上海,未婚,本科,男,No,24,25,1,4,26.44,BS,Yes
940,广州,未婚,高中,男,No,48,59,2,16,62.69,PS,Yes
941,北京,未婚,高中,女,Yes,41,55,3,13,34.94,BS,No
942,上海,已婚,大专,女,Yes,37,25,2,53,87.73,ES,Yes
943,上海,已婚,高中,女,Yes,36,39,7,58,208.34,TS,Yes
944,上海,已婚,初中,女,No,38,56,2,25,69.6,PS,No
945,北京,已婚,大专,男,No,61,155,2,71,140.5,PS,No
946,北京,已婚,研究生,女,Yes,33,119,4,22,150.48,TS,Yes
947,北京,已婚,大专,男,Yes,48,64,2,46,121.09,PS,No
948,广州,已婚,研究生,男,No,50,333,2,66,118.68,ES,No
949,北京,已婚,高中,女,No,58,26,3,69,240.97,TS,No
950,上海,已婚,本科,男,Yes,49,33,4,38,90.92,ES,No
951,广州,未婚,大专,男,Yes,35,46,1,16,46.41,BS,No
952,广州,已婚,高中,男,Yes,39,41,4,44,92.43,TS,No
953,北京,未婚,初中,男,No,50,31,1,50,83.81,PS,No
954,广州,未婚,本科,女,Yes,23,29,1,10,114.03,TS,No
955,上海,未婚,高中,男,Yes,41,94,1,7,91.3,TS,No
956,广州,未婚,大专,男,No,48,288,1,71,124.37,BS,No
957,广州,已婚,初中,女,No,39,31,5,16,23.18,BS,No
958,广州,未婚,高中,女,No,20,25,2,6,39.59,PS,No
959,上海,未婚,高中,男,No,55,269,1,46,130.65,PS,No
960,广州,已婚,大专,男,No,49,203,4,51,108.78,PS,No
961,广州,未婚,高中,男,Yes,34,22,2,5,46.84,BS,Yes
962,上海,已婚,高中,女,No,54,25,4,49,80.55,BS,No
963,广州,已婚,研究生,男,Yes,51,222,2,49,126.01,ES,No
964,北京,已婚,大专,男,Yes,30,76,2,26,60.31,BS,No
965,广州,未婚,高中,女,Yes,39,55,1,22,127.13,TS,Yes
966,广州,已婚,大专,男,No,45,46,2,51,189.24,TS,No
967,北京,已婚,本科,男,Yes,27,56,4,19,81.33,TS,Yes
968,北京,未婚,大专,女,No,36,79,5,9,83.7,PS,Yes
969,广州,已婚,大专,女,No,25,51,2,15,40.81,BS,No
970,上海,未婚,初中,男,No,63,61,1,57,163.23,PS,No
971,广州,未婚,初中,女,No,45,41,2,48,90.73,BS,No
972,上海,已婚,高中,女,Yes,53,50,2,9,23.95,BS,Yes
973,北京,未婚,初中,男,No,52,82,1,61,114.2,PS,No
974,广州,未婚,初中,男,No,53,108,1,72,199.48,PS,No
975,广州,未婚,高中,女,No,60,14,1,57,144.22,PS,No
976,上海,未婚,初中,男,No,51,46,1,57,119.05,ES,No
977,北京,已婚,初中,男,No,60,46,3,37,115.72,PS,No
978,广州,未婚,本科,男,Yes,51,146,2,45,97.02,BS,No
979,广州,已婚,初中,女,No,39,36,5,45,104.65,BS,No
980,上海,未婚,初中,女,No,44,83,1,55,98.32,PS,No
981,上海,未婚,大专,男,No,27,17,5,24,81.06,ES,Yes
982,广州,未婚,大专,男,Yes,20,18,1,1,32.28,BS,Yes
983,上海,已婚,初中,女,No,23,24,4,34,69.6,PS,No
984,广州,已婚,大专,女,No,37,48,4,14,56.25,BS,No
985,广州,未婚,初中,男,No,32,47,1,6,35.64,PS,No
986,广州,未婚,本科,男,Yes,30,25,2,24,169.46,TS,Yes
987,上海,已婚,本科,女,No,26,59,3,3,65.42,TS,Yes
988,北京,未婚,本科,男,Yes,30,45,3,4,23.49,TS,Yes
989,北京,已婚,本科,男,Yes,40,163,2,72,174.06,ES,No
990,北京,未婚,高中,女,No,56,63,1,44,98.63,PS,Yes
991,北京,未婚,大专,男,No,43,27,1,50,140.76,PS,No
992,上海,已婚,高中,女,Yes,50,190,2,61,186.94,ES,No
993,北京,已婚,高中,男,No,52,106,2,34,85.18,PS,No
994,广州,已婚,大专,女,Yes,54,26,2,26,112.66,TS,Yes
995,北京,已婚,研究生,男,Yes,46,63,2,15,89.97,TS,Yes
996,广州,未婚,大专,女,Yes,39,27,3,10,25.33,BS,No
997,北京,未婚,研究生,女,No,34,22,1,7,37.37,BS,No
998,广州,未婚,研究生,女,Yes,59,944,1,67,239.99,TS,No
999,广州,未婚,高中,女,No,49,87,1,70,183.86,PS,No
1000,广州,已婚,大专,女,Yes,36,39,3,50,122.48,ES,Yes